epoch,train_loss,train_accuracy,validation_loss,validation_accuracy,learning_rate
1,2.1455386161804197,0.15625,2.023571729660034,0.3,0.001
2,1.9843529224395753,0.284375,1.9245495796203613,0.3625,0.001
3,1.7956211566925049,0.396875,1.6498022556304932,0.475,0.001
4,1.5063189268112183,0.48125,1.664660668373108,0.3375,0.001
5,1.2966675758361816,0.559375,1.4242263793945313,0.5125,0.001
6,1.0583363056182862,0.675,1.1883278369903565,0.625,0.001
7,0.8164669871330261,0.721875,1.1229377269744873,0.55,0.001
8,0.6347466856241226,0.778125,1.035134196281433,0.6,0.001
9,0.4922589510679245,0.84375,1.0292968511581422,0.65,0.001
10,0.38638957440853117,0.875,1.0522722959518434,0.65,0.001
